stage,what,how,modelled,unit,measured,date,notes
1.2,Pi 4 idle at the prompt,USB inline meter on the supply lead,3.0,W,1.7,2026-09-30,"node 1 on ethernet, BirdNET-Go stopped, Witty Pi 4 stacked but fed from the Pi's own USB-C"
1.2,Pi 4 boot peak,same meter; watch the first 20 s,6.0,W,2.7,2026-09-30,"node 1, first boot that came up; bare Pi 4 on ethernet, no probes, mic or modem; read off the USB meter display, which can miss a peak shorter than a second"
1.2,Pi 4 with BirdNET-Go running,steady state after 10 min,5.0,W,1.72,2026-09-30,"no microphone yet, so BirdNET-Go ran at about 1 percent CPU and analysed no audio; measure again at 1.5 with the INMP441 listening"
1.2,supply voltage under load,meter reading while BirdNET-Go runs,5.1,V,5.22,2026-09-30,should not sag below 4.9
1.2,Pi 4 halted with the power still on,meter after a scheduled shutdown with the Witty Pi not in the supply path,,W,1.82,2026-09-30,"what a Pi draws when it shuts down but nothing cuts its supply; the Witty Pi must sit in the supply path from stage 2 on. Fed through the Witty Pi with the board not yet cutting power, the same halted Pi drew 1.11 W"
1.3,probe lead colours,check against DFRobot's code before applying power,,,,,expected brown VCC / black GND / yellow 485-A / blue 485-B; note any difference
1.3,probe 1 raw registers in air,life-soil-agent --scan,,words,0x0000 0x00c9,2026-10-08,"node 1: moisture 0.0 percent, 20.1 C in a room at about 20 C, ten of ten reads valid at 9600 baud; near zero moisture"
1.3,probe 1 raw registers in water,life-soil-agent --scan,,words,0x03e8 0x00c5,2026-10-08,"node 1, prongs in a glass of tap water: moisture 100.0 percent, 19.7 C, six of six reads. With 0.0 percent in air and a rise to 25.8 C in a hand, the sen0600 register map written from the datasheet holds on a real probe; near saturation"
1.3,probe 2 address after write,life-soil-agent --set-address 2 --addr 1 then --scan,2,modbus addr,2,2026-10-08,"node 1: set by the agent itself on its first run with one probe on the bus, confirmed at once without a power cycle; the reading reached the bench place"
1.4,probe pair power draw,meter with both probes reading,1.0,W,,,0.5 W each at 24 V per datasheet; at 5 V expect less
1.5,microphone level,arecord -d 5 then inspect,,dBFS,-30.9,2026-10-05,"node 1, left channel RMS in a living room, peak -17.2; before the wiring was corrected every sample read exactly 0, which is what a miswired INMP441 looks like (not hiss)"
1.5,first detection confidence,play a known call at the port,0.7,confidence,0.96,2026-10-05,"node 1: Eurasian Blackbird (Turdus merula) from a phone speaker, 13 detections in four minutes, all posted to the bench place; right species is the gate"
1.5,bat microphone draw,USB inline meter between the Pi and the AudioMoth,0.12,W,,,"24 mA recording at 384 kHz per the AudioMoth configuration app (constants.js), about 0.12 W at 5 V; measure streaming and idle, since it is powered whenever the Pi is"
1.5,Pi extra draw with the bat model running,"steady state in the evening window, against the same minute with it off",1.65,W,,,"1.1 W without overlap, 2.2 W at BirdNET-Go's default overlap of 1.5: 1.8 or 3.6 BattyBirdNET runs per second against about 6 a Pi 4 does, and 3.7 W for four busy cores (2.7 to 6.4 W, pidramble). With Perch also running for the comparison, use no overlap or the Pi saturates"
1.5,bat energy per summer day,"meter log over one day, with and without the bat microphone",4.5,Wh/day,,,"modelled 2.7 to 6.2 Wh/day from the battery (90 % converter): microphone 0.3 to 1.3, classifier 2.4 to 4.9"
1.6,bytes per hourly batched post,modem counter before and after,12,kB,,,TLS handshake dominates
1.6,LTE signal strength on the desk,modem web UI at 192.168.8.1,,dBm,,,baseline for the in-box comparison
2.2,boot draw through the Witty Pi,USB inline meter on the Witty Pi's supply during the first boot,,W,3.0,2026-10-08,"node 1 with the microphone fitted and the RS485 adapter plugged in, on ethernet and WiFi; about 3 W with peaks to 4 W on the meter display"
2.2,Witty Pi with the Pi switched off,same meter after a shutdown,,W,0.0,2026-10-08,"node 1: the board cut power seven seconds after the shutdown and the meter read 0.0 W, below its resolution; the red LED went out. With the image of 30 September the same shutdown left the Pi halted at 1.11 W, because the board never saw it go down (no UART0 on GPIO-14, no SYS_UP)"
2.2,shutdown flush,life-flush.service then check the queue,0,rows left,,,
2.3,brown-out recoveries,pull the supply mid-cycle three times,3,of 3,,,no card corruption and no lost queue
2.4,energy over 24 h summer schedule,meter logging for a full day,54.6,Wh/day,,,
2.4,parasitic floor node powered down,meter with only MPPT and battery,4.6,Wh/day,,,Victron 10 mA load-off and 19 mA load-on at 12 V
2.4,battery voltage floor overnight,MPPT app or VE.Direct,12.8,V,,,LiFePO4 knee is steep; below 12.0 is deep
3.6,LTE signal strength inside the closed box,same web UI lid on,,dBm,,,more than about 10 dB worse than the desk means buy the pigtail and whip
3.6,awake draw with the lid on in sun,meter after an hour closed,5.0,W,,,warm silicon draws more
3.6,water after a five minute hose test,open and look,0,ml,,,
4.3,first upload from the field,watch lastSeenAt on all three devices,3,of 3 devices,,,
5,detections per day,compare day 14 against day 1,,count,,,a falling count with a rising queue is a radio problem
5,unsent queue length,check on day 14,0,rows,,,
